id,cliente_id,vendedor_id,data
10413.0,41.0,5.0,20/10/2010
10500.0,41.0,5.0,14/04/2011
10832.0,41.0,5.0,19/11/2011
10923.0,41.0,4.0,05/06/2012
10425.0,41.0,4.0,30/09/2010
10371.0,41.0,4.0,09/10/2009
10610.0,41.0,4.0,30/05/2011
10806.0,84.0,4.0,05/11/2012
10850.0,84.0,4.0,28/11/2011
10334.0,84.0,5.0,26/05/2011
10450.0,84.0,5.0,28/08/2010
10814.0,84.0,4.0,10/11/2011
10546.0,84.0,4.0,27/02/2010
10459.0,84.0,5.0,02/03/2011
10843.0,84.0,4.0,26/11/2011
10478.0,84.0,4.0,24/09/2010
10785.0,33.0,9.0,23/10/2011
10984.0,33.0,3.0,04/04/2012
10268.0,33.0,3.0,05/06/2009
10520.0,37.0,3.0,04/07/2011
10722.0,37.0,9.0,03/04/2011
10312.0,37.0,3.0,26/02/2011
11003.0,37.0,3.0,10/02/2012
10309.0,37.0,3.0,22/01/2011
10695.0,37.0,9.0,12/04/2011
10355.0,37.0,3.0,19/02/2012
10946.0,37.0,9.0,18/07/2012
11000.0,37.0,3.0,11/04/2012
10335.0,37.0,9.0,25/02/2011
10736.0,37.0,9.0,16/09/2011
10517.0,37.0,9.0,30/08/2010
10420.0,37.0,9.0,26/11/2011
10646.0,37.0,3.0,01/09/2011
10701.0,37.0,9.0,18/08/2011
10298.0,37.0,2.0,12/07/2009
10380.0,37.0,9.0,22/10/2012
10440.0,37.0,3.0,14/01/2010
10442.0,37.0,3.0,15/01/2010
10912.0,37.0,3.0,01/07/2012
10800.0,37.0,9.0,31/10/2012
10458.0,37.0,9.0,01/03/2012
10373.0,37.0,9.0,10/10/2012
10712.0,37.0,3.0,26/08/2011
10661.0,37.0,3.0,15/07/2011
10503.0,37.0,3.0,17/04/2010
10742.0,37.0,3.0,17/02/2011
10429.0,37.0,9.0,05/03/2010
11034.0,37.0,9.0,24/02/2012
10388.0,37.0,3.0,25/06/2010
10350.0,37.0,3.0,17/10/2009
10519.0,37.0,9.0,24/10/2010
10651.0,37.0,9.0,07/07/2011
10751.0,37.0,3.0,29/04/2011
10567.0,37.0,9.0,07/04/2010
10985.0,37.0,9.0,04/04/2012
10815.0,37.0,3.0,10/11/2011
10415.0,37.0,3.0,21/11/2009
10271.0,37.0,2.0,18/10/2009
10678.0,37.0,9.0,29/11/2010
11002.0,37.0,9.0,12/12/2011
11063.0,37.0,3.0,05/03/2012
10470.0,37.0,3.0,15/01/2010
10516.0,37.0,9.0,30/05/2010
10301.0,37.0,9.0,15/07/2011
10346.0,37.0,9.0,10/09/2011
10687.0,37.0,3.0,05/08/2011
10897.0,37.0,9.0,24/06/2012
10545.0,43.0,1.0,29/07/2010
10715.0,9.0,5.0,28/08/2011
11076.0,9.0,5.0,27/03/2012
10331.0,9.0,5.0,21/08/2011
10876.0,9.0,4.0,14/06/2012
11027.0,10.0,1.0,20/02/2012
10949.0,10.0,1.0,18/10/2012
10411.0,10.0,1.0,15/10/2012
10410.0,10.0,1.0,16/11/2009
11045.0,10.0,1.0,27/02/2012
11048.0,10.0,1.0,28/02/2012
10436.0,7.0,5.0,08/01/2011
10628.0,7.0,5.0,17/03/2011
10265.0,7.0,5.0,30/05/2011
10566.0,7.0,4.0,18/09/2010
10360.0,7.0,5.0,27/11/2011
10297.0,7.0,4.0,09/03/2012
10679.0,7.0,5.0,29/07/2011
10559.0,7.0,4.0,12/12/2009
10449.0,7.0,4.0,25/12/2009
10826.0,7.0,4.0,17/10/2012
10584.0,7.0,5.0,05/05/2011
10907.0,74.0,4.0,31/12/2011
10964.0,74.0,4.0,25/10/2012
10738.0,74.0,4.0,17/04/2011
10460.0,19.0,2.0,04/03/2010
10294.0,19.0,2.0,05/03/2012
10254.0,19.0,2.0,17/11/2010
10955.0,19.0,9.0,21/01/2012
10465.0,19.0,3.0,11/04/2010
10761.0,19.0,9.0,07/10/2011
10726.0,19.0,3.0,08/09/2011
10364.0,19.0,2.0,02/10/2009
10382.0,19.0,3.0,29/10/2009
11047.0,19.0,3.0,29/10/2012
11043.0,19.0,9.0,26/02/2012
10980.0,19.0,3.0,01/09/2012
10614.0,19.0,3.0,03/06/2011
10553.0,19.0,9.0,06/03/2010
10327.0,19.0,3.0,17/10/2009
10895.0,19.0,9.0,22/02/2012
10389.0,19.0,9.0,26/11/2010
11024.0,19.0,3.0,19/02/2012
10884.0,19.0,9.0,17/05/2012
10933.0,19.0,3.0,10/01/2012
10256.0,19.0,3.0,20/05/2011
11015.0,19.0,9.0,14/02/2012
10532.0,19.0,9.0,14/06/2012
10624.0,19.0,3.0,12/10/2011
10475.0,19.0,3.0,20/10/2010
10324.0,19.0,2.0,13/03/2011
10808.0,19.0,3.0,06/11/2012
10612.0,19.0,3.0,31/01/2011
10673.0,19.0,9.0,23/03/2011
10804.0,19.0,3.0,05/12/2011
11059.0,19.0,9.0,03/04/2012
10794.0,19.0,3.0,29/09/2011
11056.0,19.0,3.0,03/12/2011
10769.0,19.0,3.0,13/10/2011
10400.0,19.0,9.0,07/04/2010
10713.0,19.0,9.0,27/08/2011
10523.0,19.0,3.0,05/04/2011
10660.0,19.0,9.0,14/07/2011
10987.0,19.0,3.0,06/05/2012
10983.0,19.0,9.0,01/09/2012
10739.0,19.0,9.0,17/09/2011
10563.0,19.0,9.0,16/09/2010
10737.0,19.0,3.0,16/09/2011
10565.0,51.0,1.0,17/09/2010
10590.0,51.0,1.0,12/05/2011
10570.0,51.0,1.0,22/04/2011
10605.0,51.0,1.0,26/05/2011
10339.0,51.0,1.0,03/09/2009
10618.0,51.0,1.0,07/07/2011
10424.0,51.0,1.0,28/04/2011
10505.0,51.0,1.0,20/04/2010
10724.0,51.0,1.0,04/09/2011
10439.0,51.0,1.0,13/03/2010
10619.0,51.0,1.0,09/06/2011
10376.0,51.0,1.0,14/05/2011
10332.0,51.0,1.0,22/08/2012
10671.0,26.0,7.0,22/04/2011
10860.0,26.0,7.0,04/12/2011
10971.0,26.0,8.0,30/07/2012
11081.0,78.0,1.0,21/10/2012
10274.0,85.0,5.0,11/06/2012
10973.0,40.0,5.0,28/01/2012
10858.0,40.0,5.0,04/12/2011
10927.0,40.0,5.0,11/07/2012
10972.0,40.0,4.0,28/01/2012
10609.0,18.0,6.0,29/04/2011
10311.0,18.0,6.0,26/07/2012
10890.0,18.0,6.0,20/02/2012
10683.0,18.0,6.0,01/08/2011
10579.0,45.0,1.0,30/04/2011
10719.0,45.0,1.0,01/09/2011
10317.0,48.0,1.0,06/03/2010
10867.0,48.0,1.0,08/06/2012
10544.0,48.0,1.0,28/07/2010
10665.0,48.0,1.0,17/07/2011
10307.0,48.0,1.0,24/07/2010
10662.0,48.0,1.0,15/07/2011
11018.0,48.0,1.0,18/05/2012
11080.0,77.0,1.0,04/04/2012
10359.0,72.0,9.0,26/03/2011
10741.0,4.0,9.0,19/09/2011
10248.0,4.0,2.0,09/05/2012
10864.0,4.0,3.0,08/05/2012
10953.0,4.0,9.0,20/01/2012
10634.0,23.0,6.0,20/06/2011
10555.0,23.0,6.0,08/04/2010
10763.0,23.0,6.0,08/03/2011
10975.0,23.0,6.0,30/08/2012
10700.0,23.0,6.0,15/03/2011
10434.0,23.0,6.0,09/09/2010
10472.0,23.0,6.0,16/01/2010
11030.0,23.0,6.0,21/02/2012
11038.0,23.0,6.0,25/02/2012
10789.0,23.0,6.0,27/04/2011
10805.0,23.0,6.0,03/02/2012
10558.0,23.0,6.0,10/08/2010
10604.0,23.0,6.0,23/09/2011
11050.0,23.0,6.0,01/09/2012
10480.0,23.0,6.0,24/01/2010
10454.0,23.0,6.0,25/02/2010
10408.0,23.0,6.0,14/10/2010
10432.0,23.0,6.0,07/12/2009
10375.0,23.0,6.0,12/10/2009
10966.0,23.0,6.0,24/01/2012
10633.0,23.0,6.0,18/02/2011
10316.0,23.0,6.0,03/08/2010
11046.0,23.0,6.0,28/04/2012
10663.0,23.0,6.0,15/10/2011
10482.0,23.0,6.0,25/01/2010
10655.0,23.0,6.0,09/07/2011
10452.0,71.0,9.0,24/02/2010
10398.0,71.0,3.0,05/09/2010
10596.0,89.0,3.0,16/05/2011
10504.0,89.0,9.0,17/04/2010
10469.0,89.0,3.0,14/01/2010
10483.0,89.0,2.0,27/02/2011
10344.0,89.0,2.0,07/09/2009
11032.0,89.0,9.0,22/03/2012
11066.0,89.0,9.0,06/03/2012
10693.0,89.0,2.0,11/08/2011
10861.0,89.0,3.0,04/04/2012
10723.0,89.0,2.0,04/09/2011
10904.0,89.0,3.0,30/12/2011
10269.0,89.0,3.0,07/03/2010
10740.0,89.0,3.0,18/04/2011
10696.0,89.0,3.0,13/08/2011
10358.0,82.0,1.0,24/02/2012
10446.0,82.0,1.0,18/01/2010
10577.0,82.0,1.0,28/04/2011
10822.0,82.0,1.0,13/05/2012
10514.0,82.0,1.0,28/05/2010
10935.0,82.0,1.0,14/03/2012
10918.0,82.0,1.0,11/06/2012
10401.0,82.0,1.0,18/10/2010
10602.0,82.0,1.0,22/05/2011
10493.0,82.0,1.0,06/02/2010
10511.0,82.0,1.0,24/05/2010
10977.0,82.0,1.0,30/01/2012
11033.0,82.0,1.0,22/03/2012
10746.0,82.0,1.0,24/09/2011
10779.0,82.0,1.0,21/03/2011
10383.0,82.0,1.0,29/02/2012
10574.0,82.0,1.0,24/10/2011
10930.0,82.0,1.0,11/10/2012
10586.0,82.0,1.0,07/10/2011
10620.0,42.0,1.0,08/01/2011
10851.0,42.0,1.0,01/08/2012
11031.0,42.0,1.0,21/02/2012
10810.0,42.0,1.0,06/11/2012
10932.0,42.0,1.0,11/03/2012
10495.0,42.0,1.0,24/10/2010
10351.0,42.0,1.0,17/09/2009
10836.0,42.0,1.0,21/05/2012
10680.0,42.0,1.0,29/04/2011
10564.0,42.0,1.0,16/11/2009
11016.0,42.0,1.0,14/02/2012
10943.0,42.0,1.0,15/01/2012
10447.0,32.0,1.0,20/08/2010
10528.0,32.0,1.0,12/03/2010
10968.0,32.0,1.0,27/02/2012
11072.0,32.0,1.0,21/03/2012
11006.0,32.0,1.0,12/04/2012
10720.0,32.0,1.0,02/04/2011
10598.0,32.0,1.0,19/05/2011
10869.0,32.0,1.0,09/06/2012
10979.0,32.0,1.0,31/03/2012
10370.0,32.0,1.0,09/03/2010
10616.0,32.0,1.0,05/06/2011
10714.0,32.0,1.0,27/08/2011
10758.0,32.0,1.0,04/12/2010
10855.0,32.0,1.0,02/05/2012
10657.0,32.0,1.0,10/07/2011
10416.0,32.0,1.0,22/10/2010
10831.0,32.0,1.0,19/05/2012
10377.0,32.0,1.0,15/10/2009
10656.0,32.0,1.0,09/10/2011
10816.0,32.0,1.0,11/05/2012
10749.0,32.0,1.0,25/09/2011
10756.0,32.0,1.0,02/03/2011
11061.0,32.0,1.0,05/03/2012
10310.0,32.0,1.0,24/02/2010
10681.0,32.0,1.0,30/03/2011
10873.0,32.0,1.0,11/04/2012
11040.0,32.0,1.0,27/03/2012
10617.0,32.0,1.0,05/06/2011
10562.0,32.0,1.0,15/09/2010
10607.0,32.0,1.0,27/04/2011
10513.0,32.0,1.0,27/05/2012
10941.0,32.0,1.0,16/06/2012
10988.0,32.0,1.0,04/02/2012
10441.0,32.0,1.0,14/01/2010
10589.0,32.0,1.0,09/05/2011
10945.0,32.0,1.0,17/05/2012
10302.0,32.0,1.0,14/02/2010
10644.0,32.0,1.0,30/06/2011
10390.0,32.0,1.0,29/04/2010
10340.0,32.0,1.0,03/04/2011
10431.0,32.0,1.0,06/01/2010
10936.0,32.0,1.0,13/01/2012
11079.0,55.0,1.0,22/02/2012
10262.0,65.0,2.0,28/03/2009
10272.0,65.0,3.0,08/04/2010
10820.0,65.0,3.0,12/05/2012
10348.0,86.0,7.0,12/03/2012
10640.0,86.0,8.0,26/06/2011
10632.0,86.0,7.0,19/06/2011
10356.0,86.0,7.0,24/11/2010
10668.0,86.0,8.0,18/01/2011
10703.0,24.0,8.0,19/08/2011
10378.0,24.0,7.0,15/10/2011
10880.0,24.0,7.0,16/12/2011
10774.0,24.0,8.0,16/03/2011
10533.0,24.0,7.0,18/06/2010
10902.0,24.0,7.0,29/12/2011
11001.0,24.0,8.0,11/10/2012
10704.0,62.0,2.0,19/08/2011
10406.0,62.0,2.0,10/02/2011
10637.0,62.0,3.0,24/06/2011
10786.0,62.0,3.0,24/10/2011
10914.0,62.0,3.0,02/07/2012
10659.0,62.0,2.0,10/03/2011
11068.0,62.0,3.0,12/03/2012
10913.0,62.0,3.0,01/01/2012
10372.0,62.0,2.0,09/06/2012
10961.0,62.0,3.0,23/01/2012
10487.0,62.0,2.0,30/01/2010
10728.0,62.0,3.0,09/09/2011
10868.0,62.0,3.0,08/01/2012
10959.0,31.0,9.0,22/01/2012
11049.0,31.0,9.0,29/05/2012
10734.0,31.0,9.0,12/09/2011
10709.0,31.0,3.0,22/08/2011
10423.0,31.0,2.0,29/04/2010
10652.0,31.0,3.0,06/11/2011
10777.0,31.0,3.0,20/10/2011
10790.0,31.0,3.0,27/10/2011
10685.0,31.0,2.0,04/10/2011
10299.0,67.0,3.0,12/07/2011
10481.0,67.0,2.0,26/05/2010
10877.0,67.0,3.0,14/05/2012
10287.0,67.0,2.0,28/04/2009
11019.0,64.0,3.0,18/04/2012
10716.0,64.0,2.0,27/02/2011
10466.0,15.0,2.0,10/01/2010
10494.0,15.0,9.0,06/02/2010
10969.0,15.0,9.0,29/07/2012
10830.0,81.0,2.0,18/03/2012
10606.0,81.0,2.0,27/10/2011
10292.0,81.0,2.0,03/07/2011
10496.0,81.0,2.0,09/03/2011
10839.0,81.0,9.0,24/03/2012
10834.0,81.0,3.0,20/05/2012
10518.0,80.0,1.0,31/05/2010
10293.0,80.0,1.0,04/05/2012
10304.0,80.0,1.0,15/02/2011
10576.0,80.0,1.0,28/04/2011
10698.0,80.0,1.0,14/08/2011
10842.0,80.0,1.0,25/05/2012
10622.0,80.0,1.0,11/06/2011
11041.0,80.0,1.0,26/02/2012
10707.0,80.0,1.0,21/08/2011
10455.0,80.0,1.0,28/02/2010
10847.0,80.0,1.0,27/04/2012
10730.0,80.0,1.0,10/04/2011
10762.0,80.0,1.0,07/10/2011
11069.0,80.0,1.0,14/03/2012
10676.0,80.0,1.0,27/09/2011
10305.0,80.0,1.0,19/07/2012
10319.0,80.0,1.0,08/12/2010
10727.0,80.0,1.0,08/09/2011
10915.0,80.0,1.0,02/01/2012
10982.0,80.0,1.0,31/01/2012
10594.0,80.0,1.0,14/10/2011
10993.0,80.0,1.0,05/02/2012
10276.0,80.0,1.0,14/08/2009
10926.0,2.0,3.0,09/06/2012
10308.0,2.0,2.0,24/07/2011
10625.0,2.0,3.0,13/10/2011
10759.0,2.0,2.0,03/10/2011
10838.0,47.0,9.0,24/03/2012
10485.0,47.0,9.0,01/10/2010
10697.0,47.0,3.0,13/04/2011
10729.0,47.0,2.0,09/03/2011
10638.0,47.0,2.0,25/06/2011
10840.0,47.0,9.0,24/04/2012
10405.0,47.0,2.0,12/11/2009
10811.0,47.0,3.0,08/05/2012
10954.0,47.0,3.0,22/04/2012
10919.0,47.0,3.0,05/01/2012
11039.0,47.0,3.0,25/02/2012
11014.0,47.0,3.0,14/02/2012
10866.0,5.0,3.0,07/02/2012
10924.0,5.0,3.0,08/01/2012
10280.0,5.0,3.0,20/10/2009
10572.0,5.0,3.0,23/04/2011
10672.0,5.0,3.0,23/07/2011
10689.0,5.0,9.0,06/03/2011
10626.0,5.0,9.0,16/06/2011
10278.0,5.0,2.0,18/06/2009
10654.0,5.0,3.0,05/02/2011
10445.0,5.0,9.0,19/11/2010
10857.0,5.0,3.0,02/06/2012
10837.0,5.0,9.0,21/11/2011
10384.0,5.0,2.0,05/11/2009
10875.0,5.0,9.0,11/04/2012
10444.0,5.0,9.0,16/02/2010
10524.0,5.0,3.0,07/12/2009
10733.0,5.0,9.0,14/12/2010
10778.0,5.0,9.0,21/10/2011
10848.0,16.0,3.0,28/09/2012
10435.0,16.0,2.0,08/01/2010
10462.0,16.0,3.0,07/03/2010
10623.0,25.0,7.0,12/05/2011
10670.0,25.0,7.0,22/07/2011
10859.0,25.0,8.0,04/01/2012
10929.0,25.0,8.0,10/03/2012
10342.0,25.0,7.0,04/09/2012
10396.0,25.0,7.0,01/06/2012
11012.0,25.0,7.0,13/02/2012
10675.0,25.0,8.0,24/03/2011
10267.0,25.0,8.0,04/12/2011
10717.0,25.0,8.0,29/09/2011
10653.0,25.0,7.0,07/04/2011
10488.0,25.0,8.0,31/01/2010
10560.0,25.0,8.0,12/08/2010
10337.0,25.0,8.0,28/02/2009
10791.0,25.0,8.0,28/10/2011
10885.0,76.0,4.0,17/06/2012
11035.0,76.0,5.0,25/08/2012
10846.0,76.0,4.0,27/11/2011
10252.0,76.0,5.0,13/02/2012
10767.0,76.0,4.0,10/10/2011
10326.0,8.0,5.0,15/08/2011
10970.0,8.0,4.0,28/01/2012
10801.0,8.0,4.0,03/11/2012
11078.0,22.0,4.0,04/12/2011
11082.0,22.0,4.0,02/02/2012
10682.0,3.0,3.0,31/07/2011
10856.0,3.0,9.0,03/12/2011
10365.0,3.0,2.0,03/10/2009
10535.0,3.0,9.0,19/09/2010
10573.0,3.0,9.0,24/04/2011
10677.0,3.0,9.0,28/07/2011
10507.0,3.0,3.0,20/10/2012
10474.0,58.0,8.0,18/03/2011
11073.0,58.0,8.0,14/03/2012
10354.0,58.0,7.0,19/03/2012
10502.0,58.0,8.0,16/04/2010
10995.0,58.0,8.0,06/02/2012
10322.0,58.0,7.0,09/08/2012
10960.0,35.0,3.0,25/07/2012
10498.0,35.0,3.0,13/03/2010
11055.0,35.0,9.0,03/03/2012
10486.0,35.0,9.0,12/10/2010
10552.0,35.0,3.0,04/09/2010
10490.0,35.0,9.0,04/02/2012
10476.0,35.0,3.0,21/01/2010
10613.0,35.0,9.0,03/06/2011
10863.0,35.0,9.0,07/06/2012
10641.0,35.0,9.0,27/06/2011
10901.0,35.0,3.0,28/06/2012
10257.0,35.0,9.0,21/05/2011
10796.0,35.0,3.0,30/04/2012
10395.0,35.0,3.0,01/11/2010
10601.0,35.0,3.0,21/05/2011
10705.0,35.0,9.0,20/03/2011
10957.0,35.0,3.0,23/03/2012
10976.0,35.0,9.0,29/01/2012
10296.0,46.0,2.0,13/05/2009
10823.0,46.0,9.0,14/11/2011
10780.0,46.0,3.0,21/10/2011
10283.0,46.0,2.0,21/06/2012
10899.0,46.0,3.0,25/06/2012
10357.0,46.0,2.0,25/04/2009
10461.0,46.0,9.0,04/10/2010
10499.0,46.0,9.0,14/04/2010
11065.0,46.0,3.0,06/10/2012
10330.0,46.0,3.0,21/10/2011
10543.0,46.0,3.0,25/02/2010
10997.0,46.0,9.0,08/10/2012
10381.0,46.0,2.0,28/10/2009
11071.0,46.0,9.0,19/09/2012
10394.0,36.0,1.0,31/10/2010
10259.0,13.0,3.0,24/05/2010
10639.0,70.0,3.0,25/06/2011
10477.0,60.0,5.0,22/03/2012
10336.0,60.0,4.0,28/08/2011
11007.0,60.0,4.0,13/08/2012
10397.0,60.0,5.0,30/06/2012
10433.0,60.0,4.0,07/02/2010
10947.0,11.0,3.0,19/07/2012
10599.0,11.0,9.0,20/05/2011
10578.0,11.0,3.0,29/08/2011
10471.0,11.0,2.0,15/01/2010
11009.0,30.0,4.0,12/02/2012
11037.0,30.0,4.0,25/02/2012
10911.0,30.0,5.0,31/03/2012
10888.0,30.0,5.0,20/01/2012
10872.0,30.0,5.0,10/10/2012
10303.0,30.0,5.0,15/02/2012
10550.0,30.0,4.0,02/09/2011
10948.0,30.0,5.0,17/01/2012
10629.0,30.0,4.0,17/06/2011
11058.0,6.0,7.0,04/03/2012
10956.0,6.0,8.0,21/02/2012
10501.0,6.0,7.0,14/10/2011
10509.0,6.0,7.0,22/04/2011
10853.0,6.0,8.0,02/12/2011
10829.0,38.0,9.0,18/11/2011
10473.0,38.0,3.0,17/01/2010
10315.0,38.0,9.0,31/03/2011
10798.0,38.0,9.0,31/03/2012
10321.0,38.0,3.0,08/03/2012
10591.0,127.0,3.0,12/08/2011
10921.0,127.0,3.0,06/03/2012
10688.0,127.0,3.0,06/03/2011
10773.0,59.0,5.0,16/03/2011
10648.0,59.0,5.0,02/04/2011
10597.0,59.0,4.0,17/11/2010
11062.0,59.0,5.0,04/04/2012
10353.0,59.0,5.0,18/09/2012
10768.0,59.0,5.0,11/02/2011
10489.0,59.0,5.0,03/03/2011
10828.0,59.0,4.0,18/11/2011
10747.0,59.0,5.0,24/03/2011
11042.0,59.0,5.0,26/02/2012
10530.0,59.0,4.0,14/10/2010
10755.0,59.0,5.0,01/10/2011
10392.0,59.0,4.0,30/10/2010
10484.0,59.0,5.0,28/02/2012
10600.0,59.0,4.0,21/10/2011
10882.0,59.0,4.0,15/02/2012
10686.0,59.0,5.0,05/08/2011
11053.0,59.0,4.0,02/03/2012
10844.0,59.0,4.0,25/02/2012
10427.0,59.0,4.0,03/05/2010
10525.0,59.0,4.0,08/07/2010
10281.0,69.0,4.0,19/06/2011
10306.0,69.0,5.0,21/10/2012
11013.0,69.0,4.0,13/02/2012
10917.0,69.0,5.0,05/01/2012
10282.0,69.0,5.0,20/06/2011
11075.0,68.0,6.0,18/09/2012
10255.0,68.0,6.0,17/04/2012
10666.0,68.0,6.0,18/07/2011
10537.0,68.0,6.0,20/03/2010
10931.0,68.0,6.0,10/01/2012
11083.0,14.0,6.0,25/09/2011
10699.0,52.0,7.0,14/08/2011
10352.0,28.0,5.0,17/10/2012
10491.0,28.0,4.0,04/02/2010
10328.0,28.0,5.0,19/04/2011
10551.0,28.0,4.0,04/03/2010
10963.0,28.0,5.0,23/01/2012
10910.0,90.0,9.0,01/07/2012
10667.0,20.0,5.0,18/07/2011
10771.0,20.0,5.0,15/10/2011
10402.0,20.0,4.0,09/03/2010
10403.0,20.0,4.0,09/08/2010
10571.0,20.0,4.0,22/04/2011
10854.0,20.0,5.0,02/12/2011
10958.0,54.0,3.0,23/04/2012
10986.0,54.0,3.0,03/02/2012
10531.0,54.0,3.0,13/06/2012
10409.0,54.0,3.0,13/02/2010
10898.0,54.0,3.0,26/12/2011
10708.0,79.0,8.0,22/09/2011
10944.0,79.0,8.0,16/01/2012
10453.0,79.0,8.0,25/02/2010
10399.0,79.0,7.0,03/02/2011
10367.0,79.0,7.0,03/01/2012
10879.0,79.0,7.0,16/12/2011
10664.0,79.0,8.0,15/08/2011
11029.0,79.0,8.0,21/03/2012
10636.0,79.0,7.0,24/06/2011
10561.0,79.0,8.0,12/10/2010
10437.0,79.0,7.0,08/01/2011
10595.0,79.0,7.0,15/05/2011
10967.0,79.0,8.0,29/07/2012
10438.0,79.0,7.0,11/08/2011
10448.0,79.0,8.0,21/01/2010
10615.0,79.0,8.0,05/10/2011
10548.0,79.0,7.0,01/05/2012
10295.0,79.0,7.0,08/07/2012
10608.0,79.0,8.0,28/05/2011
10809.0,79.0,7.0,06/11/2012
10965.0,79.0,8.0,26/07/2012
10249.0,79.0,7.0,10/05/2011
10744.0,79.0,7.0,22/09/2011
10631.0,44.0,8.0,19/06/2011
10557.0,44.0,7.0,08/09/2012
11070.0,44.0,8.0,18/03/2012
10862.0,44.0,7.0,05/12/2011
10522.0,44.0,8.0,05/04/2010
11017.0,44.0,7.0,18/10/2012
10934.0,44.0,7.0,14/09/2012
10575.0,44.0,7.0,25/08/2011
10592.0,44.0,8.0,13/10/2011
10497.0,44.0,8.0,09/03/2011
10284.0,44.0,7.0,24/06/2011
10464.0,44.0,7.0,09/05/2011
10593.0,44.0,7.0,14/10/2011
10343.0,44.0,8.0,07/12/2009
10569.0,44.0,8.0,22/11/2010
10419.0,44.0,7.0,26/11/2010
10781.0,44.0,8.0,22/10/2011
10536.0,44.0,7.0,19/04/2012
10772.0,44.0,8.0,15/10/2011
10534.0,44.0,7.0,18/10/2010
10731.0,44.0,7.0,11/04/2011
10430.0,44.0,7.0,02/02/2011
10362.0,44.0,8.0,01/10/2009
10492.0,44.0,8.0,05/02/2010
10992.0,44.0,8.0,07/03/2012
10908.0,44.0,7.0,01/07/2012
10279.0,44.0,7.0,18/06/2011
10891.0,44.0,8.0,22/06/2012
10893.0,39.0,9.0,24/12/2011
10799.0,39.0,9.0,01/05/2012
10542.0,39.0,3.0,27/07/2010
10506.0,39.0,9.0,21/04/2010
10325.0,39.0,3.0,15/03/2010
10323.0,39.0,3.0,13/10/2009
10849.0,39.0,9.0,28/11/2011
10817.0,39.0,3.0,11/05/2012
10630.0,39.0,3.0,19/07/2011
10718.0,39.0,3.0,02/03/2011
11028.0,39.0,9.0,21/10/2012
10457.0,39.0,9.0,01/03/2010
10456.0,39.0,3.0,01/03/2010
10468.0,39.0,9.0,13/05/2010
10407.0,56.0,8.0,13/11/2009
10260.0,56.0,8.0,24/10/2011
10766.0,56.0,8.0,10/05/2011
10554.0,56.0,7.0,04/04/2012
10999.0,56.0,7.0,08/10/2012
10580.0,56.0,7.0,01/05/2011
10833.0,56.0,8.0,20/03/2012
10508.0,56.0,8.0,22/04/2010
10684.0,56.0,7.0,01/08/2011
11020.0,56.0,7.0,19/11/2011
11005.0,1.0,8.0,12/03/2012
11051.0,1.0,8.0,02/03/2012
10290.0,1.0,7.0,02/07/2012
10526.0,1.0,8.0,11/06/2010
10813.0,1.0,8.0,10/10/2012
10510.0,1.0,7.0,23/05/2011
10852.0,1.0,8.0,01/12/2011
10905.0,1.0,7.0,29/03/2012
10621.0,1.0,8.0,10/06/2011
11011.0,1.0,7.0,14/09/2012
10835.0,1.0,7.0,20/11/2011
10952.0,1.0,7.0,20/01/2012
10702.0,1.0,7.0,18/10/2011
10251.0,1.0,7.0,13/10/2011
10812.0,1.0,7.0,08/03/2012
10692.0,1.0,8.0,08/03/2011
10764.0,1.0,8.0,08/10/2011
10289.0,1.0,8.0,01/07/2011
10643.0,1.0,8.0,30/09/2011
11064.0,1.0,7.0,05/04/2012
10711.0,1.0,8.0,26/08/2011
10732.0,1.0,7.0,11/09/2011
10757.0,1.0,7.0,02/03/2011
10994.0,1.0,7.0,07/09/2012
10909.0,1.0,8.0,31/03/2012
10463.0,1.0,8.0,09/10/2012
10750.0,1.0,8.0,24/02/2011
10277.0,1.0,7.0,14/06/2012
10627.0,1.0,7.0,16/06/2011
10990.0,1.0,8.0,05/02/2012
10349.0,1.0,7.0,13/09/2011
10748.0,1.0,7.0,25/09/2011
10585.0,1.0,7.0,06/10/2011
10338.0,1.0,8.0,31/08/2009
10743.0,1.0,8.0,22/09/2011
10974.0,75.0,1.0,29/01/2012
10329.0,75.0,1.0,21/10/2009
10385.0,75.0,1.0,07/04/2012
10821.0,75.0,1.0,13/03/2012
10369.0,75.0,1.0,08/10/2009
10819.0,12.0,2.0,12/04/2012
11054.0,12.0,9.0,03/03/2012
10521.0,12.0,2.0,04/04/2010
10782.0,12.0,9.0,22/04/2011
10937.0,12.0,9.0,15/03/2012
10881.0,12.0,3.0,16/06/2012
10366.0,29.0,4.0,04/10/2009
10928.0,29.0,4.0,09/01/2012
10887.0,29.0,5.0,18/06/2012
10426.0,29.0,5.0,02/01/2012
10568.0,29.0,4.0,19/09/2010
10989.0,61.0,3.0,04/02/2012
10421.0,61.0,2.0,25/01/2010
10379.0,61.0,2.0,21/10/2009
10587.0,61.0,3.0,07/05/2011
10647.0,61.0,3.0,02/07/2011
10291.0,61.0,2.0,03/07/2009
10261.0,61.0,2.0,24/05/2012
10874.0,88.0,2.0,12/12/2011
10541.0,34.0,9.0,26/07/2010
10922.0,34.0,9.0,06/07/2012
10770.0,34.0,3.0,14/10/2011
10250.0,34.0,2.0,13/05/2012
10903.0,34.0,3.0,29/06/2012
10783.0,34.0,3.0,23/04/2011
10690.0,34.0,9.0,07/08/2011
10886.0,34.0,3.0,17/02/2012
10253.0,34.0,3.0,15/05/2012
10981.0,34.0,9.0,12/10/2012
11022.0,34.0,9.0,19/09/2012
11052.0,34.0,3.0,01/04/2012
10925.0,34.0,9.0,08/01/2012
10645.0,34.0,9.0,01/07/2011
10512.0,21.0,2.0,26/10/2011
10347.0,21.0,2.0,12/09/2009
10386.0,21.0,2.0,06/02/2012
10581.0,21.0,3.0,01/05/2011
10650.0,21.0,3.0,04/08/2011
10414.0,21.0,3.0,20/11/2009
10725.0,21.0,3.0,05/09/2011
10529.0,50.0,5.0,12/10/2012
10760.0,50.0,4.0,06/05/2011
10649.0,50.0,5.0,03/07/2011
10896.0,50.0,4.0,23/01/2012
11057.0,53.0,2.0,04/03/2012
10752.0,53.0,2.0,29/03/2011
11010.0,66.0,6.0,13/02/2012
10288.0,66.0,6.0,28/06/2011
10942.0,66.0,6.0,16/04/2012
10428.0,66.0,6.0,03/01/2012
10883.0,63.0,7.0,17/06/2012
10263.0,63.0,7.0,28/05/2012
11021.0,63.0,8.0,18/02/2012
10788.0,63.0,8.0,27/10/2011
10691.0,63.0,7.0,08/05/2011
10991.0,63.0,8.0,05/02/2012
10285.0,63.0,8.0,26/06/2010
10418.0,63.0,7.0,23/11/2010
10938.0,63.0,7.0,15/06/2012
10694.0,63.0,7.0,11/08/2011
10871.0,63.0,8.0,10/04/2012
10451.0,63.0,7.0,25/10/2010
10765.0,63.0,7.0,09/10/2011
10658.0,63.0,7.0,10/10/2011
10540.0,63.0,8.0,23/02/2010
10745.0,63.0,8.0,23/04/2011
10962.0,63.0,7.0,25/07/2012
10527.0,63.0,8.0,10/06/2012
10345.0,63.0,7.0,08/10/2012
10479.0,63.0,8.0,23/01/2010
10361.0,63.0,7.0,08/10/2012
10721.0,63.0,8.0,03/09/2011
10865.0,63.0,8.0,08/05/2012
10273.0,63.0,7.0,10/08/2011
10539.0,63.0,8.0,22/06/2010
10920.0,63.0,8.0,06/07/2012
10515.0,63.0,8.0,29/03/2010
10795.0,63.0,7.0,29/04/2011
10286.0,63.0,8.0,27/04/2009
10878.0,63.0,7.0,15/06/2012
10845.0,63.0,7.0,26/05/2012
10549.0,63.0,8.0,02/03/2012
10674.0,63.0,7.0,24/07/2011
10996.0,63.0,7.0,06/02/2012
10588.0,63.0,7.0,08/05/2011
10313.0,63.0,7.0,30/07/2011
11025.0,87.0,7.0,20/03/2012
10320.0,87.0,8.0,08/08/2011
10333.0,87.0,7.0,22/02/2012
10583.0,87.0,7.0,05/05/2011
10266.0,87.0,8.0,31/05/2012
10270.0,87.0,7.0,06/06/2012
10412.0,87.0,8.0,19/04/2010
10998.0,91.0,8.0,07/02/2012
10611.0,91.0,8.0,30/05/2011
10792.0,91.0,8.0,28/05/2011
11044.0,91.0,8.0,28/03/2012
10906.0,91.0,8.0,30/06/2012
10870.0,91.0,8.0,08/02/2012
10374.0,91.0,8.0,11/04/2009
10635.0,49.0,6.0,23/04/2011
10467.0,49.0,6.0,10/01/2010
10939.0,49.0,6.0,14/01/2012
10784.0,49.0,6.0,23/05/2011
10950.0,49.0,6.0,21/10/2012
10300.0,49.0,6.0,16/07/2009
10404.0,49.0,6.0,28/02/2010
10818.0,49.0,6.0,12/05/2012
10754.0,49.0,6.0,30/09/2011
11060.0,27.0,6.0,05/03/2012
10710.0,27.0,6.0,25/08/2011
10422.0,27.0,6.0,28/11/2009
10753.0,27.0,6.0,30/09/2011
11026.0,27.0,6.0,20/03/2012
10807.0,27.0,6.0,06/05/2012
10275.0,73.0,9.0,12/06/2011
10387.0,73.0,9.0,23/11/2011
10900.0,73.0,9.0,26/12/2011
11077.0,73.0,9.0,10/10/2012
10443.0,73.0,9.0,16/01/2010
10787.0,73.0,9.0,24/10/2011
10951.0,73.0,9.0,20/01/2012
10393.0,73.0,9.0,31/05/2010
10889.0,73.0,3.0,21/06/2012
10775.0,73.0,3.0,17/10/2011
10841.0,73.0,9.0,25/11/2011
10978.0,73.0,9.0,31/08/2012
10417.0,73.0,9.0,21/11/2011
10318.0,73.0,9.0,06/08/2012
11004.0,73.0,9.0,12/08/2012
10582.0,73.0,3.0,02/08/2011
10368.0,73.0,3.0,05/10/2009
10341.0,73.0,3.0,03/09/2012
10803.0,73.0,3.0,04/11/2012
10802.0,73.0,9.0,04/08/2012
11074.0,73.0,3.0,15/03/2012
10642.0,73.0,3.0,27/06/2011
10892.0,73.0,3.0,23/12/2011
10314.0,73.0,3.0,28/02/2011
10556.0,73.0,3.0,09/04/2010
11023.0,73.0,3.0,18/02/2012
10940.0,73.0,9.0,17/07/2012
10669.0,73.0,3.0,21/07/2011
10363.0,17.0,8.0,01/01/2012
10538.0,17.0,7.0,20/05/2012
10824.0,17.0,7.0,14/11/2011
10258.0,17.0,7.0,22/05/2012
10797.0,17.0,8.0,30/10/2012
11008.0,17.0,7.0,12/02/2012
10264.0,17.0,7.0,29/05/2011
10894.0,17.0,7.0,23/06/2012
10735.0,17.0,7.0,15/09/2011
10827.0,17.0,7.0,16/02/2012
10825.0,17.0,8.0,14/05/2012
10916.0,17.0,8.0,02/03/2012
10706.0,17.0,8.0,21/03/2011
11036.0,17.0,8.0,25/03/2012
10603.0,17.0,8.0,23/05/2011
10776.0,17.0,7.0,20/10/2011
10547.0,17.0,7.0,28/04/2011
10793.0,17.0,8.0,29/10/2011
11067.0,17.0,8.0,11/03/2012
10391.0,17.0,8.0,29/10/2010